–ú–æ—Å–∫–≤–∞;55∞ 45' 18'' N;37∞ 37' 1.2'' E;https://www.wikidata.org/wiki/Q649
–ü–µ—Ç–µ—Ä–±—É—Ä–≥;59∞ 57' 0'' N;30∞ 18' 57.6'' E;https://www.wikidata.org/wiki/Q656
–¢—É–ª–∞;54∞ 12' 0'' N;37∞ 36' 57.6'' E;https://www.wikidata.org/wiki/Q2770
–û–¥–µ—Å—Å–∞;46∞ 29' 6'' N;30∞ 44' 34.8'' E;https://www.wikidata.org/wiki/Q1874
–û–º—Å–∫;54∞ 57' 57.6'' N;73∞ 22' 58.8'' E;https://www.wikidata.org/wiki/Q898
–û—Ä–∞–Ω–∏–µ–Ω–±–∞—É–º;59∞ 55' 1.2'' N;29∞ 46' 19.2'' E;https://www.wikidata.org/wiki/Q4335661
–û—Ä–µ–ª, –≥–æ—Ä–æ–¥;52∞ 57' 57.6'' N;36∞ 4' 58.8'' E;https://www.wikidata.org/wiki/Q3118
–û—Ä–µ–Ω–±—É—Ä–≥;51∞ 45' 57.6'' N;55∞ 6' 0'' E;https://www.wikidata.org/wiki/Q5337
–ë–∞—Ç—É–º;41∞ 38' 42'' N;41∞ 38' 27.6'' E;https://www.wikidata.org/wiki/Q25475
–ü–∞–ª–µ—Ä–º–æ (–ò—Ç–∞–ª–∏—è);38∞ 6' 54'' N;13∞ 21' 39.6'' E;https://www.wikidata.org/wiki/Q2656
–ü–∞—Ä–∏–∂;48∞ 51' 21.6'' N;2∞ 21' 3.6'' E;https://www.wikidata.org/wiki/Q90
–ü–µ–∫–∏–Ω;39∞ 54' 18'' N;116∞ 23' 27.6'' E;https://www.wikidata.org/wiki/Q956
–ü–µ–Ω–∑–∞;53∞ 12' 0'' N;45∞ 0' 0'' E;https://www.wikidata.org/wiki/Q5540
–ü–µ—Ä–º—å;58∞ 0' 46.8'' N;56∞ 14' 52.8'' E;https://www.wikidata.org/wiki/Q915
–ü–µ—Ç–µ—Ä–≥–æ—Ñ;59∞ 52' 58.8'' N;29∞ 53' 60'' E;https://www.wikidata.org/wiki/Q178310
–ë–∞—Ö—á–∏—Å–∞—Ä–∞–π (–ö—Ä—ã–º);44∞ 45' 7.2'' N;33∞ 51' 36'' E;https://www.wikidata.org/wiki/Q158604
–ü–µ—Ç—Ä–æ–∑–∞–≤–æ–¥—Å–∫;64∞ 49' 48'' N;17∞ 59' 13.2'' W;https://www.wikidata.org/wiki/Q189
–ü–∏–∑–∞ (–ò—Ç–∞–ª–∏—è);43∞ 42' 57.6'' N;10∞ 24' 0'' E;https://www.wikidata.org/wiki/Q13375
–ü–æ–ª–æ—Ü–∫;55∞ 28' 58.8'' N;28∞ 48' 0'' E;https://www.wikidata.org/wiki/Q200797
–ü–æ–º–ø–µ—è;40∞ 45' 0'' N;14∞ 29' 20.4'' E;https://www.wikidata.org/wiki/Q43332
–ü–æ–ª—Ç–∞–≤–∞;49∞ 34' 26.4'' N;34∞ 34' 4.8'' E;https://www.wikidata.org/wiki/Q156747
–ü—è—Ç–∏–≥–æ—Ä—Å–∫;44∞ 1' 58.8'' N;43∞ 2' 60'' E;https://www.wikidata.org/wiki/Q41970
–ü—Å–∫–æ–≤;57∞ 48' 57.6'' N;28∞ 19' 58.8'' E;https://www.wikidata.org/wiki/Q2214
–ü—Ä–∞–≥–∞;50∞ 5' 16.8'' N;14∞ 25' 15.6'' E;https://www.wikidata.org/wiki/Q1085
–°–∏–º—Ñ–µ—Ä–æ–ø–æ–ª—å;44∞ 56' 52.8'' N;34∞ 6' 0'' E;https://www.wikidata.org/wiki/Q19566
–†—è–∑–∞–Ω—å;54∞ 36' 57.6'' N;39∞ 42' 57.6'' E;https://www.wikidata.org/wiki/Q2746
–†–æ—Å—Ç–æ–≤ (–í–µ–ª–∏–∫–∏–π);57∞ 10' 58.8'' N;39∞ 24' 57.6'' E;https://www.wikidata.org/wiki/Q193342
–†–æ—Å—Ç–æ–≤-–Ω–∞-–î–æ–Ω—É;47∞ 13' 58.8'' N;39∞ 42' 57.6'' E;https://www.wikidata.org/wiki/Q908
–†–∏–º;41∞ 53' 34.8'' N;12∞ 28' 55.2'' E;https://www.wikidata.org/wiki/Q220
–°–∞–º–∞—Ä–∞;53∞ 10' 58.8'' N;50∞ 6' 57.6'' E;https://www.wikidata.org/wiki/Q894
–°–∞–º–∞—Ä–∫–∞–Ω–¥;39∞ 39' 14.4'' N;66∞ 57' 32.4'' E;https://www.wikidata.org/wiki/Q5753
–°–∞—Ä–∞—Ç–æ–≤;51∞ 31' 58.8'' N;46∞ 0' 0'' E;https://www.wikidata.org/wiki/Q5332
–°–º–æ–ª–µ–Ω—Å–∫;54∞ 46' 55.2'' N;32∞ 2' 42'' E;https://www.wikidata.org/wiki/Q2337
–ë–µ—Ä–ª–∏–Ω;52∞ 30' 57.6'' N;13∞ 22' 58.8'' E;https://www.wikidata.org/wiki/Q64
–ë–µ—Ä–Ω;46∞ 57' 0'' N;7∞ 26' 16.8'' E;https://www.wikidata.org/wiki/Q70
–¢—É—Ä–∏–Ω (–ò—Ç–∞–ª–∏—è);45∞ 3' 57.6'' N;7∞ 42' 0'' E;https://www.wikidata.org/wiki/Q495
–ü–ª–µ–≤–Ω–∞;43∞ 24' 25.2'' N;24∞ 37' 12'' E;https://www.wikidata.org/wiki/Q165420
–ü–æ–∑–Ω–∞–Ω—å (–ü–æ–∑–µ–Ω);52∞ 23' 60'' N;16∞ 54' 57.6'' E;https://www.wikidata.org/wiki/Q268
–ú–∏–ª–∞–Ω (–ò—Ç–∞–ª–∏—è);45∞ 27' 50.4'' N;9∞ 11' 24'' E;https://www.wikidata.org/wiki/Q490
–ö–∞–Ω–Ω—ã (–§—Ä–∞–Ω—Ü–∏—è);43∞ 33' 7.2'' N;7∞ 1' 15.6'' E;https://www.wikidata.org/wiki/Q39984
–ë–æ–ª–æ–Ω—å—è (–ò—Ç–∞–ª–∏—è);44∞ 29' 34.8'' N;11∞ 20' 31.2'' E;https://www.wikidata.org/wiki/Q1891
–ú–æ–Ω—Ç—Ä–µ (–®–≤–µ–π—Ü–∞—Ä–∏—è);46∞ 25' 58.8'' N;6∞ 54' 57.6'' E;https://www.wikidata.org/wiki/Q69354
–ë–∞–ª–∞–∫–ª–∞–≤–∞;44∞ 30' 18'' N;33∞ 35' 49.2'' E;https://www.wikidata.org/wiki/Q748363
–ù–∏–∂–Ω–∏–π-–ù–æ–≤–≥–æ—Ä–æ–¥;56∞ 19' 33.6'' N;44∞ 0' 25.2'' E;https://www.wikidata.org/wiki/Q891
–ù–æ–≤–≥–æ—Ä–æ–¥;58∞ 31' 30'' N;31∞ 16' 30'' E;https://www.wikidata.org/wiki/Q2235
–ö–æ—Å—Ç—Ä–æ–º–∞;57∞ 45' 57.6'' N;40∞ 55' 58.8'' E;https://www.wikidata.org/wiki/Q2592
–ö—É—Ä—Å–∫;51∞ 42' 57.6'' N;36∞ 10' 58.8'' E;https://www.wikidata.org/wiki/Q3159
–ö—Ä–æ–Ω—à—Ç–∞–¥—Ç;60∞ 0' 0'' N;29∞ 45' 57.6'' E;https://www.wikidata.org/wiki/Q155863
–ö—É—Ç–∞–∏—Å;42∞ 15' 0'' N;42∞ 42' 0'' E;https://www.wikidata.org/wiki/Q172415
–ê—Ñ–∏–Ω—ã;37∞ 58' 44.4'' N;23∞ 42' 57.6'' E;https://www.wikidata.org/wiki/Q1524
–õ–∏—Å—Å–∞–±–æ–Ω;38∞ 42' 57.6'' N;9∞ 10' 1.2'' W;https://www.wikidata.org/wiki/Q597
–õ–æ–∑–∞–Ω–Ω–∞;46∞ 31' 58.8'' N;6∞ 37' 58.8'' E;https://www.wikidata.org/wiki/Q807
–õ–æ–Ω–¥–æ–Ω;51∞ 30' 54'' N;0∞ 5' 34.8'' W;https://www.wikidata.org/wiki/Q23311
–õ–æ—Å-–ê–Ω–∂–µ–ª–æ—Å;34∞ 2' 60'' N;118∞ 15' 0'' W;https://www.wikidata.org/wiki/Q65
–ê—à—Ö–∞–±–∞–¥;37∞ 57' 0'' N;58∞ 22' 58.8'' E;https://www.wikidata.org/wiki/Q23438
–õ—é–±–ª–∏–Ω;51∞ 13' 58.8'' N;22∞ 33' 57.6'' E;https://www.wikidata.org/wiki/Q37333
–ê–≤–∏–Ω—å–æ–Ω;43∞ 56' 52.8'' N;4∞ 48' 28.8'' E;https://www.wikidata.org/wiki/Q6397
–ë–∞–≥–¥–∞–¥;33∞ 21' 0'' N;44∞ 24' 57.6'' E;https://www.wikidata.org/wiki/Q1530
–ë–∞–¥–µ–Ω-–ë–∞–¥–µ–Ω;48∞ 45' 39.6'' N;8∞ 14' 24'' E;https://www.wikidata.org/wiki/Q4100
–ê—á–∏–Ω—Å–∫;56∞ 15' 57.6'' N;90∞ 30' 0'' E;https://www.wikidata.org/wiki/Q104232
–ú–∞–≥–¥–µ–±—É—Ä–≥;52∞ 7' 58.8'' N;11∞ 36' 57.6'' E;https://www.wikidata.org/wiki/Q1733
–ú–∞—Ä–∏–µ–Ω–±—É—Ä–≥ (–ü—Ä—É—Å—Å–∏—è);54∞ 1' 58.8'' N;19∞ 3' 0'' E;https://www.wikidata.org/wiki/Q146820
–ú–∞—Ä—Å–µ–ª—å;43∞ 17' 45.6'' N;5∞ 22' 33.6'' E;https://www.wikidata.org/wiki/Q23482
–ë–∞–∫—É;40∞ 21' 57.6'' N;49∞ 50' 6'' E;https://www.wikidata.org/wiki/Q9248
–ú–µ–ª—å–±—É—Ä–Ω;37∞ 49' 15.6'' S;144∞ 57' 39.6'' E;https://www.wikidata.org/wiki/Q3141
–ú–∏–ª–µ—Ç (–ì—Ä–µ—Ü–∏—è);37∞ 31' 51.6'' N;27∞ 16' 30'' E;https://www.wikidata.org/wiki/Q169460
–ú–æ–Ω—Ç–µ-–ö–∞—Ä–ª–æ;43∞ 44' 16.8'' N;7∞ 25' 30'' E;https://www.wikidata.org/wiki/Q45240
–ú–æ–∑–¥–æ–∫;43∞ 45' 0'' N;44∞ 38' 60'' E;https://www.wikidata.org/wiki/Q46639
–ú–æ–Ω—Ä–µ–∞–ª—å (–ö–∞–Ω–∞–¥–∞);45∞ 30' 28.8'' N;73∞ 33' 18'' W;https://www.wikidata.org/wiki/Q340
–ú–µ–¥–∏–Ω–∞;24∞ 27' 57.6'' N;39∞ 36' 0'' E;https://www.wikidata.org/wiki/Q35484
–ú–µ–∫–∫–∞;21∞ 25' 19.2'' N;39∞ 49' 33.6'' E;https://www.wikidata.org/wiki/Q5806
–ú–µ–∫–ª–µ–Ω–±—É—Ä–≥, –≥–æ—Ä–æ–¥;;;
–ú—é–Ω—Ö–µ–Ω;48∞ 7' 58.8'' N;11∞ 33' 57.6'' E;https://www.wikidata.org/wiki/Q1726
–ù–∞–ª—å—á–∏–∫;43∞ 28' 58.8'' N;43∞ 36' 57.6'' E;https://www.wikidata.org/wiki/Q5265
–ù–∞—Ä–≤–∞;59∞ 22' 44.4'' N;28∞ 11' 60'' E;https://www.wikidata.org/wiki/Q102158
–ú–∏–Ω—Å–∫;53∞ 54' 7.2'' N;27∞ 33' 39.6'' E;https://www.wikidata.org/wiki/Q2280
–ú–∏–Ω—É—Å–∏–Ω—Å–∫;53∞ 42' 0'' N;91∞ 40' 58.8'' E;https://www.wikidata.org/wiki/Q158990
–ù–æ–≤–æ—Ä–æ—Å—Å–∏–π—Å–∫;44∞ 42' 57.6'' N;37∞ 45' 57.6'' E;https://www.wikidata.org/wiki/Q15760
–ù–æ–≤–æ—á–µ—Ä–∫–∞—Å—Å–∫;47∞ 26' 6'' N;40∞ 5' 52.8'' E;https://www.wikidata.org/wiki/Q175452
–ë–∞—Ä—Å–µ–ª–æ–Ω–∞;41∞ 22' 55.2'' N;2∞ 10' 33.6'' E;https://www.wikidata.org/wiki/Q1492
–ù—å—é-–ô–æ—Ä–∫;43∞ 0' 0'' N;75∞ 0' 0'' W;https://www.wikidata.org/wiki/Q1384
–ú–∞–¥—Ä–∏–¥;40∞ 25' 4.8'' N;3∞ 41' 31.2'' W;https://www.wikidata.org/wiki/Q2807
–ú–∞–π–∫–æ–ø;44∞ 36' 0'' N;40∞ 4' 58.8'' E;https://www.wikidata.org/wiki/Q3752
–ü–æ—Ä—Ç-–ê—Ä—Ç—É—Ä;29∞ 53' 6'' N;93∞ 56' 24'' W;https://www.wikidata.org/wiki/Q45400
–†–µ–≤–µ–ª—å;59∞ 26' 13.2'' N;24∞ 44' 42'' E;https://www.wikidata.org/wiki/Q1770
–ë–µ–ª–≥—Ä–∞–¥;44∞ 48' 57.6'' N;20∞ 27' 57.6'' E;https://www.wikidata.org/wiki/Q3711
–†–∏–≥–∞;56∞ 56' 49.2'' N;24∞ 6' 21.6'' E;https://www.wikidata.org/wiki/Q1773
–†–∏–æ-–¥–µ-–ñ–∞–Ω–µ–π—Ä–æ;22∞ 54' 32.4'' S;43∞ 11' 49.2'' W;https://www.wikidata.org/wiki/Q8678
–°—Ç–∞–≤—Ä–æ–ø–æ–ª—å;45∞ 2' 60'' N;41∞ 58' 58.8'' E;https://www.wikidata.org/wiki/Q5206
–°–ø–∞—Ä—Ç–∞;37∞ 4' 51.6'' N;22∞ 25' 22.8'' E;https://www.wikidata.org/wiki/Q5690
–ß–µ–ª—è–±–∏–Ω—Å–∫;55∞ 8' 60'' N;61∞ 23' 60'' E;https://www.wikidata.org/wiki/Q906
–ß–µ—Ä–∫–∞—Å—Å–∫;47∞ 14' 31.2'' N;40∞ 2' 9.6'' E;https://www.wikidata.org/wiki/Q2373220
–ß–µ—Ä–∫–∞—Å—Å—ã;49∞ 26' 38.4'' N;32∞ 3' 32.4'' E;https://www.wikidata.org/wiki/Q157055
–ß–µ—Ä–Ω–∏–≥–æ–≤;51∞ 30' 0'' N;31∞ 18' 0'' E;https://www.wikidata.org/wiki/Q157053
–ß–∏—Ç–∞;52∞ 1' 58.8'' N;113∞ 30' 0'' E;https://www.wikidata.org/wiki/Q53139
–®–∞–Ω—Ö–∞–π;31∞ 9' 57.6'' N;121∞ 27' 57.6'' E;https://www.wikidata.org/wiki/Q8686
–ï–∫–∞—Ç–µ—Ä–∏–Ω–±—É—Ä–≥;56∞ 49' 58.8'' N;60∞ 34' 58.8'' E;https://www.wikidata.org/wiki/Q887
–ï–∫–∞—Ç–µ—Ä–∏–Ω–≥–æ—Ñ;59∞ 54' 10.8'' N;30∞ 15' 36'' E;https://www.wikidata.org/wiki/Q691377
–ï–∫–∞—Ç–µ—Ä–∏–Ω–æ—Å–ª–∞–≤;48∞ 27' 0'' N;34∞ 58' 58.8'' E;https://www.wikidata.org/wiki/Q48256
–ï–ª–∏—Å–∞–≤–µ—Ç–≥—Ä–∞–¥;48∞ 30' 36'' N;32∞ 15' 57.6'' E;https://www.wikidata.org/wiki/Q158292
–ï–ª–∏—Å–∞–≤–µ—Ç–ø–æ–ª—å;40∞ 40' 55.2'' N;46∞ 21' 36'' E;https://www.wikidata.org/wiki/Q131290
–ñ–µ–Ω–µ–≤–∞;46∞ 12' 0'' N;6∞ 9' 0'' E;https://www.wikidata.org/wiki/Q71
–ò–µ–Ω–∞;50∞ 55' 37.2'' N;11∞ 35' 9.6'' E;https://www.wikidata.org/wiki/Q3150
–ò–µ—Ä—É—Å–∞–ª–∏–º;31∞ 46' 58.8'' N;35∞ 13' 58.8'' E;https://www.wikidata.org/wiki/Q1218
–ò—Ä–∫—É—Ç—Å–∫;52∞ 16' 58.8'' N;104∞ 17' 60'' E;https://www.wikidata.org/wiki/Q6576
–ö–µ–Ω–∏–≥—Å–±–µ—Ä–≥;54∞ 42' 57.6'' N;20∞ 30' 0'' E;https://www.wikidata.org/wiki/Q1829
–ö–∏–µ–≤;50∞ 27' 0'' N;30∞ 31' 22.8'' E;https://www.wikidata.org/wiki/Q1899
–ö–∏–æ—Ç–æ (–Ø–ø–æ–Ω–∏—è);35∞ 0' 39.6'' N;135∞ 46' 4.8'' E;https://www.wikidata.org/wiki/Q34600
–ö–∞—Ä–ª—Å–±–∞–¥;33∞ 7' 15.6'' N;117∞ 17' 49.2'' W;https://www.wikidata.org/wiki/Q491099
–ñ–µ–ª–µ–∑–Ω–æ–≤–æ–¥—Å–∫;44∞ 7' 58.8'' N;43∞ 1' 58.8'' E;https://www.wikidata.org/wiki/Q135829
–ï–≤–ø–∞—Ç–æ—Ä–∏—è;45∞ 11' 34.8'' N;33∞ 22' 4.8'' E;https://www.wikidata.org/wiki/Q33345
–í–æ—Ä–æ–Ω–µ–∂;51∞ 40' 15.6'' N;39∞ 12' 36'' E;https://www.wikidata.org/wiki/Q3426
–í—ã–±–æ—Ä–≥;60∞ 42' 32.4'' N;28∞ 44' 38.4'' E;https://www.wikidata.org/wiki/Q14657
–í—è—Ç–∫–∞;58∞ 36' 0'' N;49∞ 38' 60'' E;https://www.wikidata.org/wiki/Q5384
–ì–∞–∞–≥–∞;52∞ 5' 2.4'' N;4∞ 19' 1.2'' E;https://www.wikidata.org/wiki/Q36600
–ì–∞–≤—Ä;49∞ 29' 38.4'' N;0∞ 6' 28.8'' E;https://www.wikidata.org/wiki/Q42810
–í–æ–ª–æ–≥–¥–∞;59∞ 12' 57.6'' N;39∞ 53' 60'' E;https://www.wikidata.org/wiki/Q1957
–ì—Ä–æ–¥–Ω–æ;53∞ 39' 57.6'' N;23∞ 48' 57.6'' E;https://www.wikidata.org/wiki/Q181376
–ê–Ω–∞–ø–∞;44∞ 53' 38.4'' N;37∞ 18' 57.6'' E;https://www.wikidata.org/wiki/Q15758
–ê–º—Å—Ç–µ—Ä–¥–∞–º;52∞ 22' 58.8'' N;4∞ 54' 0'' E;https://www.wikidata.org/wiki/Q727
–ì–∞–º–±—É—Ä–≥;53∞ 32' 60'' N;10∞ 0' 0'' E;https://www.wikidata.org/wiki/Q1055
–ì–µ–Ω—É—è;44∞ 24' 25.2'' N;8∞ 55' 58.8'' E;https://www.wikidata.org/wiki/Q1449
–ì–æ–º–µ–ª—å;52∞ 26' 27.6'' N;30∞ 58' 58.8'' E;https://www.wikidata.org/wiki/Q2678
–ë–µ–Ω–¥–µ—Ä—ã;46∞ 49' 58.8'' N;29∞ 28' 58.8'' E;https://www.wikidata.org/wiki/Q192176
–°–µ–≤–∞—Å—Ç–æ–ø–æ–ª—å;44∞ 36' 0'' N;33∞ 31' 58.8'' E;https://www.wikidata.org/wiki/Q7525
–ê–¥–ª–µ—Ä;43∞ 25' 58.8'' N;39∞ 54' 57.6'' E;https://www.wikidata.org/wiki/Q176878
–°–∏–º–±–∏—Ä—Å–∫;54∞ 18' 57.6'' N;48∞ 21' 57.6'' E;https://www.wikidata.org/wiki/Q5627
–°–∏–º–µ–∏–∑ (–ö—Ä—ã–º);44∞ 24' 18'' N;33∞ 59' 24'' E;https://www.wikidata.org/wiki/Q514390
–õ–∏–æ–Ω (–§—Ä–∞–Ω—Ü–∏—è);45∞ 45' 28.8'' N;4∞ 50' 27.6'' E;https://www.wikidata.org/wiki/Q456
–ë–∞–∑–µ–ª—å (–®–≤–µ–π—Ü–∞—Ä–∏—è);47∞ 32' 60'' N;7∞ 35' 27.6'' E;https://www.wikidata.org/wiki/Q78
–ë–æ—Ä–¥–æ (–§—Ä–∞–Ω—Ü–∏—è);44∞ 50' 13.2'' N;0∞ 34' 48'' W;https://www.wikidata.org/wiki/Q1479
–õ–∏–ª–ª—å (–§—Ä–∞–Ω—Ü–∏—è);50∞ 37' 51.6'' N;3∞ 3' 25.2'' E;https://www.wikidata.org/wiki/Q648
–°–æ—Ñ–∏—è (–ë–æ–ª–≥–∞—Ä–∏—è);42∞ 42' 0'' N;23∞ 19' 58.8'' E;https://www.wikidata.org/wiki/Q472
–°—Ç–∞—Ä–∞—è –†—É—Å—Å–∞;57∞ 58' 58.8'' N;31∞ 21' 0'' E;https://www.wikidata.org/wiki/Q196479
–°—Ç—Ä–∞—Å–±—É—Ä–≥;48∞ 34' 22.8'' N;7∞ 45' 7.2'' E;https://www.wikidata.org/wiki/Q6602
–°—Ç–æ–∫–≥–æ–ª—å–º;59∞ 19' 44.4'' N;18∞ 4' 4.8'' E;https://www.wikidata.org/wiki/Q1754
–°—É—Ä–∞—Ç, –≥–æ—Ä–æ–¥ (–ò–Ω–¥–∏—è);21∞ 10' 12'' N;72∞ 49' 48'' E;https://www.wikidata.org/wiki/Q4629
–°—ã–∑—Ä–∞–Ω—å;53∞ 9' 57.6'' N;48∞ 27' 57.6'' E;https://www.wikidata.org/wiki/Q2219
–¢–∞–≥–∞–Ω—Ä–æ–≥;47∞ 13' 58.8'' N;38∞ 53' 60'' E;https://www.wikidata.org/wiki/Q170513
–¢–∞–º–±–æ–≤;52∞ 42' 57.6'' N;41∞ 25' 58.8'' E;https://www.wikidata.org/wiki/Q3544
–ê–¥—Ä–∏–∞–Ω–æ–ø–æ–ª—å;41∞ 40' 40.8'' N;26∞ 33' 32.4'' E;https://www.wikidata.org/wiki/Q43387
–¢–∞—à–∫–µ–Ω—Ç;41∞ 17' 60'' N;69∞ 15' 57.6'' E;https://www.wikidata.org/wiki/Q269
–¢–≤–µ—Ä—å;56∞ 51' 25.2'' N;35∞ 55' 15.6'' E;https://www.wikidata.org/wiki/Q2288
–¢–∏–ª—å–∑–∏—Ç (–ü—Ä—É—Å—Å–∏—è);55∞ 4' 58.8'' N;21∞ 52' 58.8'' E;https://www.wikidata.org/wiki/Q5647
–¢–∏—Ä–æ–ª—å;;;
–¢–∏—Ñ–ª–∏—Å;41∞ 42' 57.6'' N;44∞ 46' 58.8'' E;https://www.wikidata.org/wiki/Q994
–¢–æ—Ä–æ–Ω—Ç–æ (–ö–∞–Ω–∞–¥–∞);43∞ 42' 0'' N;79∞ 24' 0'' W;https://www.wikidata.org/wiki/Q172
–¢–æ–±–æ–ª—å—Å–∫;58∞ 11' 42'' N;68∞ 15' 28.8'' E;https://www.wikidata.org/wiki/Q168782
–¢–æ–º—Å–∫;56∞ 29' 16.8'' N;84∞ 57' 7.2'' E;https://www.wikidata.org/wiki/Q976
–¢—É–ª–æ–Ω;43∞ 7' 30'' N;5∞ 55' 48'' E;https://www.wikidata.org/wiki/Q44160
–ë–∏–π—Å–∫;52∞ 30' 57.6'' N;85∞ 9' 57.6'' E;https://www.wikidata.org/wiki/Q102667
–£—Ä–∞–ª—å—Å–∫;51∞ 13' 58.8'' N;51∞ 21' 57.6'' E;https://www.wikidata.org/wiki/Q487439
–£—Ñ–∞;54∞ 43' 58.8'' N;55∞ 57' 57.6'' E;https://www.wikidata.org/wiki/Q911
–§–ª–æ—Ä–µ–Ω—Ü–∏—è;43∞ 46' 15.6'' N;11∞ 15' 14.4'' E;https://www.wikidata.org/wiki/Q2044
–ë–ª–∞–≥–æ–≤–µ—â–µ–Ω—Å–∫;50∞ 15' 25.2'' N;127∞ 32' 9.6'' E;https://www.wikidata.org/wiki/Q6934
–•–∞—Ä–±–∏–Ω;45∞ 45' 0'' N;126∞ 37' 58.8'' E;https://www.wikidata.org/wiki/Q42956
–•–∞—Ä—å–∫–æ–≤;50∞ 0' 0'' N;36∞ 13' 44.4'' E;https://www.wikidata.org/wiki/Q42308
–•–∞–±–∞—Ä–æ–≤—Å–∫;48∞ 28' 58.8'' N;135∞ 3' 57.6'' E;https://www.wikidata.org/wiki/Q4454
–≠—Ñ–µ—Å (–ú–∞–ª–∞—è –ê–∑–∏—è);37∞ 56' 20.4'' N;27∞ 20' 52.8'' E;https://www.wikidata.org/wiki/Q47611
–Ø–ª—Ç–∞;44∞ 29' 20.4'' N;34∞ 9' 36'' E;https://www.wikidata.org/wiki/Q4242938
–Ø–∫—É—Ç—Å–∫;62∞ 1' 37.2'' N;129∞ 43' 51.6'' E;https://www.wikidata.org/wiki/Q6610
–Ø—Ä–æ—Å–ª–∞–≤–ª—å;57∞ 36' 57.6'' N;39∞ 51' 0'' E;https://www.wikidata.org/wiki/Q2423
–ë–æ—Å—Ç–æ–Ω;42∞ 21' 25.2'' N;71∞ 3' 43.2'' W;https://www.wikidata.org/wiki/Q100
–ë—Ä–∞–∏–ª–æ–≤, –≥–æ—Ä–æ–¥ (–†—É–º—ã–Ω–∏—è);45∞ 16' 8.4'' N;27∞ 57' 25.2'' E;https://www.wikidata.org/wiki/Q188478
–ë—Ä–µ–º–µ–Ω;53∞ 4' 33.6'' N;8∞ 48' 28.8'' E;https://www.wikidata.org/wiki/Q24879
–ë—Ä—è–Ω—Å–∫;53∞ 15' 0'' N;34∞ 21' 57.6'' E;https://www.wikidata.org/wiki/Q2801
–ë—É–¥–∞–ø–µ—à—Ç;47∞ 29' 52.8'' N;19∞ 2' 24'' E;https://www.wikidata.org/wiki/Q1781
–ë—É—Ö–∞—Ä–∞;39∞ 46' 26.4'' N;64∞ 25' 40.8'' E;https://www.wikidata.org/wiki/Q5764
–ë—É—Ö–∞—Ä–µ—Å—Ç;44∞ 23' 60'' N;26∞ 4' 58.8'' E;https://www.wikidata.org/wiki/Q19660
–ë—É—ç–Ω–æ—Å-–ê–π—Ä–µ—Å;34∞ 36' 0'' S;58∞ 22' 55.2'' W;https://www.wikidata.org/wiki/Q1486
–í–∞—à–∏–Ω–≥—Ç–æ–Ω, –≥–æ—Ä–æ–¥;38∞ 53' 42'' N;77∞ 2' 13.2'' W;https://www.wikidata.org/wiki/Q61
–í–∞—Ä—à–∞–≤–∞;52∞ 12' 57.6'' N;21∞ 1' 58.8'' E;https://www.wikidata.org/wiki/Q270
–í–µ–Ω–∞;48∞ 12' 28.8'' N;16∞ 22' 22.8'' E;https://www.wikidata.org/wiki/Q1741
–í–µ–Ω–µ—Ü–∏—è;45∞ 26' 20.4'' N;12∞ 19' 51.6'' E;https://www.wikidata.org/wiki/Q641
–í–µ—Ä–Ω—ã–π, –≥–æ—Ä–æ–¥;43∞ 15' 0'' N;76∞ 54' 0'' E;https://www.wikidata.org/wiki/Q35493
–í–∏—Ç–µ–±—Å–∫;55∞ 10' 58.8'' N;30∞ 9' 57.6'' E;https://www.wikidata.org/wiki/Q102217
–í–µ—Ä—Ö–æ–ª–µ–Ω—Å–∫ (–°–∏–±–∏—Ä—å);54∞ 6' 0'' N;105∞ 33' 57.6'' E;https://www.wikidata.org/wiki/Q4109164
–í–ª–∞–¥–∏–≤–æ—Å—Ç–æ–∫;43∞ 6' 57.6'' N;131∞ 54' 0'' E;https://www.wikidata.org/wiki/Q959
–í–ª–∞–¥–∏–∫–∞–≤–∫–∞–∑;43∞ 0' 57.6'' N;44∞ 38' 60'' E;https://www.wikidata.org/wiki/Q5239
–í–ª–∞–¥–∏–º–∏—Ä, –≥–æ—Ä–æ–¥;56∞ 7' 58.8'' N;40∞ 24' 57.6'' E;https://www.wikidata.org/wiki/Q2684
–ì–∞–π–¥–µ–ª—å–±–µ—Ä–≥ (–ì–µ—Ä–º–∞–Ω–∏—è);49∞ 24' 43.2'' N;8∞ 42' 36'' E;https://www.wikidata.org/wiki/Q2966
–ì–µ–π–¥–µ–ª—å–±–µ—Ä–≥ (–ì–µ—Ä–º–∞–Ω–∏—è);49∞ 24' 43.2'' N;8∞ 42' 36'' E;https://www.wikidata.org/wiki/Q2966
–ì—Ä–µ–Ω–∞–¥–∞ (–ò—Å–ø–∞–Ω–∏—è);37∞ 10' 40.8'' N;3∞ 36' 3.6'' W;https://www.wikidata.org/wiki/Q8810
–î–∞–º–∞—Å–∫;33∞ 30' 46.8'' N;36∞ 17' 27.6'' E;https://www.wikidata.org/wiki/Q3766
–î–∞–Ω, –≥–æ—Ä–æ–¥ (–ü–∞–ª–µ—Å—Ç–∏–Ω–∞);33∞ 14' 56.4'' N;35∞ 39' 7.2'' E;https://www.wikidata.org/wiki/Q1346856
–î–∞–Ω—Ü–∏–≥;54∞ 21' 57.6'' N;18∞ 37' 58.8'' E;https://www.wikidata.org/wiki/Q1792
–î–∞—Ä–Ω–∞, –≥–æ—Ä–æ–¥;55∞ 55' 44.4'' N;36∞ 56' 24'' E;https://www.wikidata.org/wiki/Q4155090
–î–µ—Ä–ø—Ç (–Æ—Ä—å–µ–≤);58∞ 22' 48'' N;26∞ 43' 19.2'' E;https://www.wikidata.org/wiki/Q13972
–î—Ä–µ–∑–¥–µ–Ω;51∞ 1' 58.8'' N;13∞ 43' 58.8'' E;https://www.wikidata.org/wiki/Q1731
–ò–≤–∞–Ω–æ–≤–æ-–í–æ–∑–Ω–µ—Å–µ–Ω—Å–∫;57∞ 0' 0'' N;40∞ 58' 58.8'' E;https://www.wikidata.org/wiki/Q2630
–ö–∞–∑–∞–Ω—å;55∞ 47' 24'' N;49∞ 6' 50.4'' E;https://www.wikidata.org/wiki/Q900
–ö–∞–ª—É–≥–∞;54∞ 31' 58.8'' N;36∞ 15' 57.6'' E;https://www.wikidata.org/wiki/Q2837
–ê—Ä–∑–∞–º–∞—Å;55∞ 22' 58.8'' N;43∞ 47' 60'' E;https://www.wikidata.org/wiki/Q103789
–ö—Ä–∞—Å–Ω–æ—Ä–µ—á–∏–Ω—Å–∫;;;
–ö–∏—Å–ª–æ–≤–æ–¥—Å–∫;43∞ 54' 36'' N;42∞ 43' 12'' E;https://www.wikidata.org/wiki/Q153676
–ö–∏—à–∏–Ω–µ–≤;47∞ 0' 18'' N;28∞ 51' 25.2'' E;https://www.wikidata.org/wiki/Q21197
–ö–æ–ø–µ–Ω–≥–∞–≥–µ–Ω;55∞ 40' 33.6'' N;12∞ 34' 4.8'' E;https://www.wikidata.org/wiki/Q1748
–ê—Ä—Ö–∞–Ω–≥–µ–ª—å—Å–∫;64∞ 32' 60'' N;40∞ 31' 58.8'' E;https://www.wikidata.org/wiki/Q1851
–ê—Å—Ç—Ä–∞—Ö–∞–Ω—å;46∞ 19' 58.8'' N;48∞ 0' 57.6'' E;https://www.wikidata.org/wiki/Q3927
–õ–∏–≤–∞–¥–∏—è;38∞ 25' 58.8'' N;22∞ 51' 57.6'' E;https://www.wikidata.org/wiki/Q210698
–ù–æ–≤—ã–π –ê—Ñ–æ–Ω;43∞ 5' 27.6'' N;40∞ 47' 60'' E;https://www.wikidata.org/wiki/Q42194
–ü–æ—Ä—Ç-–õ—É–∏;20∞ 10' 1.2'' S;57∞ 30' 0'' E;https://www.wikidata.org/wiki/Q3929
–°–∏–ª–∏—Å—Ç—Ä–∏—è;44∞ 7' 4.8'' N;27∞ 15' 36'' E;https://www.wikidata.org/wiki/Q182428
–°—É—Ö—É–º-–ö–∞–ª–µ;43∞ 0' 10.8'' N;41∞ 0' 54'' E;https://www.wikidata.org/wiki/Q40811
–ê–∑–æ–≤;47∞ 6' 0'' N;39∞ 24' 57.6'' E;https://www.wikidata.org/wiki/Q102762
–§–∏–≤—ã;25∞ 43' 12'' N;32∞ 36' 36'' E;https://www.wikidata.org/wiki/Q101583
–§—Ä–∞–Ω–∫—Ñ—É—Ä—Ç –Ω–∞ –ú–∞–π–Ω–µ;50∞ 6' 46.8'' N;8∞ 40' 44.4'' E;https://www.wikidata.org/wiki/Q1794
–¢—Ä–∞–ø–µ–∑—É–Ω—Ç (–¢—Ä–µ–±–∏–∑–æ–Ω—Ç);41∞ 0' 0'' N;39∞ 43' 58.8'' E;https://www.wikidata.org/wiki/Q45301
–•–µ—Ä—Å–æ–Ω;46∞ 37' 58.8'' N;32∞ 36' 0'' E;https://www.wikidata.org/wiki/Q156732
–í–µ–π–º–∞—Ä;50∞ 58' 58.8'' N;11∞ 18' 57.6'' E;https://www.wikidata.org/wiki/Q3955
–î–µ—Ä–±–µ–Ω—Ç;42∞ 4' 8.4'' N;48∞ 17' 42'' E;https://www.wikidata.org/wiki/Q131416
–ò–Ω–∫–µ—Ä–º–∞–Ω (–ö—Ä—ã–º);44∞ 36' 50.4'' N;33∞ 36' 28.8'' E;https://www.wikidata.org/wiki/Q752183
–ù—É—Ö–∞, –≥–æ—Ä–æ–¥ (–ó–∞–∫–∞–≤–∫–∞–∑—å–µ);41∞ 11' 27.6'' N;47∞ 10' 12'' E;https://www.wikidata.org/wiki/Q234783
–û–ª–¥–∫–µ—Å—Ç–ª—å;;;
–õ–µ–π–¥–µ–Ω (–ì–æ–ª–ª–∞–Ω–¥–∏—è);"52∞ 9' 16"" N";"†4∞ 29 ' 41"" E";https://www.wikidata.org/wiki/Q43631
–°–µ—Ä–≥–∏–µ–≤ –ü–æ—Å–∞–¥ –ú–æ—Å–∫–æ–≤—Å–∫–æ–π –≥—É–±. (–¢—Ä–æ–∏—Ü–∞);;;
